ID,DisplayName,DisplayName_ZH,Category,SubCategory,PrimaryLink,SecondaryLink,Author,AuthorProfile,IsActive,DateAdded,LastModified,LastChecked,License,Description,Description_ZH,Tags_ZH,IsPinned,Section
off-c260c9d7,Claude Code å®˜æ–¹æ–‡æ¡£,Claude Code å®˜æ–¹æ–‡æ¡£,official-resources,general,https://docs.anthropic.com/en/docs/claude-code,,Anthropic,https://www.anthropic.com,TRUE,2025/12/15,2025/12/15,2025/12/15,,å®˜æ–¹æ–‡æ¡£å’Œ API å‚è€ƒ,å®˜æ–¹æ–‡æ¡£å’Œ API å‚è€ƒ,å®˜æ–¹èµ„æº,TRUE,official
off-3b72cefc,Anthropic åšå®¢,Anthropic åšå®¢,official-resources,general,https://www.anthropic.com/news,,Anthropic,https://www.anthropic.com,TRUE,2025/12/15,2025/12/15,2025/12/15,,æœ€æ–°åŠŸèƒ½å’Œæ›´æ–°,æœ€æ–°åŠŸèƒ½å’Œæ›´æ–°,å®˜æ–¹èµ„æº,TRUE,official
off-85c51f88,Claude Code GitHub Issues,Claude Code GitHub Issues,official-resources,general,https://github.com/anthropics/claude-code/issues,,anthropics,https://github.com/anthropics,TRUE,2025/12/15,2025/12/15,2025/12/15,,é—®é¢˜åé¦ˆå’ŒåŠŸèƒ½è¯·æ±‚,é—®é¢˜åé¦ˆå’ŒåŠŸèƒ½è¯·æ±‚,å®˜æ–¹èµ„æº,TRUE,official
off-3adc885a,Discord ç¤¾åŒº,Discord ç¤¾åŒº,official-resources,general,https://discord.gg/anthropic,,Anthropic,https://www.anthropic.com,TRUE,2025/12/15,2025/12/15,2025/12/15,,å®˜æ–¹ Discord ç¤¾åŒº,å®˜æ–¹ Discord ç¤¾åŒº,å®˜æ–¹èµ„æº,TRUE,official
off-6449d7b7,Context7 æ–‡æ¡£èµ„æº,Context7 æ–‡æ¡£èµ„æº,official-resources,general,https://context7.com/?q=antropic,,Context7,https://context7.com,TRUE,2025/12/15,2025/12/15,2025/12/15,,æœ€æ–°çš„ Anthropic æ–‡æ¡£èµ„æºæ±‡æ€»,æœ€æ–°çš„ Anthropic æ–‡æ¡£èµ„æºæ±‡æ€»,å®˜æ–¹èµ„æº,TRUE,official
off-6b97014f,æŠ€æœ¯æ”¯æŒ,æŠ€æœ¯æ”¯æŒ,official-resources,general,https://support.anthropic.com/,,Anthropic,https://www.anthropic.com,TRUE,2025/12/15,2025/12/15,2025/12/15,,å®˜æ–¹æŠ€æœ¯æ”¯æŒ,å®˜æ–¹æŠ€æœ¯æ”¯æŒ,å®˜æ–¹èµ„æº,TRUE,official
off-98804842,çŠ¶æ€é¡µé¢,çŠ¶æ€é¡µé¢,official-resources,general,https://status.anthropic.com/,,Anthropic,https://www.anthropic.com,TRUE,2025/12/15,2025/12/15,2025/12/15,,æœåŠ¡çŠ¶æ€ç›‘æ§,æœåŠ¡çŠ¶æ€ç›‘æ§,å®˜æ–¹èµ„æº,TRUE,official
off-89dabad2,å®‰å…¨æ¼æ´æŠ¥å‘Š,å®‰å…¨æ¼æ´æŠ¥å‘Š,official-resources,general,https://www.anthropic.com/security,,Anthropic,https://www.anthropic.com,FALSE,2025/12/15,2025/12/15,2025/12/15,,å®‰å…¨é—®é¢˜åé¦ˆ,å®‰å…¨é—®é¢˜åé¦ˆ,å®˜æ–¹èµ„æº,TRUE,official
off-b5702046,Anthropic Claude è‹±æ–‡æ–‡æ¡£,Anthropic Claude è‹±æ–‡æ–‡æ¡£,official-resources,general,https://docs.anthropic.com/en/docs/,,Anthropic,https://www.anthropic.com,TRUE,2025/12/15,2025/12/15,2025/12/15,,æœ€å…¨é¢çš„è‹±æ–‡å®˜æ–¹æ–‡æ¡£,æœ€å…¨é¢çš„è‹±æ–‡å®˜æ–¹æ–‡æ¡£,Anthropic æ–‡æ¡£ä¸ API,TRUE,official
off-83c78874,Context7 é•œåƒ,Context7 é•œåƒ,official-resources,general,https://context7.com/websites/anthropic_en,,Context7,https://context7.com,TRUE,2025/12/15,2025/12/15,2025/12/15,,"(253K tokens, 959 snippets)","(253K tokens, 959 snippets)",Anthropic æ–‡æ¡£ä¸ API,TRUE,official
off-ae063df2,Anthropic Claude ä¸­æ–‡æ–‡æ¡£,Anthropic Claude ä¸­æ–‡æ–‡æ¡£,official-resources,general,https://docs.anthropic.com/zh-CN/docs/,,Anthropic,https://www.anthropic.com,TRUE,2025/12/15,2025/12/15,2025/12/15,,å®˜æ–¹ä¸­æ–‡æ–‡æ¡£,å®˜æ–¹ä¸­æ–‡æ–‡æ¡£,Anthropic æ–‡æ¡£ä¸ API,TRUE,official
off-29b6a71f,Context7 é•œåƒ,Context7 é•œåƒ,official-resources,general,https://context7.com/websites/anthropic_zh-cn,,Context7,https://context7.com,TRUE,2025/12/15,2025/12/15,2025/12/15,,"(409.5K tokens, 1.3K snippets)","(409.5K tokens, 1.3K snippets)",Anthropic æ–‡æ¡£ä¸ API,TRUE,official
off-114fcb77,Anthropic Claude ä¿„æ–‡æ–‡æ¡£,Anthropic Claude ä¿„æ–‡æ–‡æ¡£,official-resources,general,https://docs.anthropic.com/ru/docs/,,Anthropic,https://www.anthropic.com,TRUE,2025/12/15,2025/12/15,2025/12/15,,å®˜æ–¹ä¿„æ–‡æ–‡æ¡£,å®˜æ–¹ä¿„æ–‡æ–‡æ¡£,Anthropic æ–‡æ¡£ä¸ API,TRUE,official
off-08b4deaa,Context7 é•œåƒ,Context7 é•œåƒ,official-resources,general,https://context7.com/websites/anthropic-ru,,Context7,https://context7.com,TRUE,2025/12/15,2025/12/15,2025/12/15,,"(447.5K tokens, 1.4K snippets)","(447.5K tokens, 1.4K snippets)",Anthropic æ–‡æ¡£ä¸ API,TRUE,official
off-563d3c1b,Anthropic API é¦–é¡µ,Anthropic API é¦–é¡µ,official-resources,general,https://docs.anthropic.com/en/home,,Anthropic,https://www.anthropic.com,TRUE,2025/12/15,2025/12/15,2025/12/15,,API å…¥é—¨æŒ‡å—,API å…¥é—¨æŒ‡å—,Anthropic æ–‡æ¡£ä¸ API,TRUE,official
off-7e1e91e1,Context7 é•œåƒ,Context7 é•œåƒ,official-resources,general,https://context7.com/websites/docs_anthropic_com-en-home,,Context7,https://context7.com,TRUE,2025/12/15,2025/12/15,2025/12/15,,"(1.4K tokens, 7 snippets)","(1.4K tokens, 7 snippets)",Anthropic æ–‡æ¡£ä¸ API,TRUE,official
off-22c0b2d6,Anthropic API,Anthropic API,official-resources,general,https://www.anthropic.com/api/,,Anthropic,https://www.anthropic.com,TRUE,2025/12/15,2025/12/15,2025/12/15,,å®˜æ–¹ API æ–‡æ¡£,å®˜æ–¹ API æ–‡æ¡£,Anthropic æ–‡æ¡£ä¸ API,TRUE,official
off-715327f4,Context7 é•œåƒ,Context7 é•œåƒ,official-resources,general,https://context7.com/websites/anthropic-api,,Context7,https://context7.com,TRUE,2025/12/15,2025/12/15,2025/12/15,,"(545 tokens, 3 snippets)","(545 tokens, 3 snippets)",Anthropic æ–‡æ¡£ä¸ API,TRUE,official
off-eb98ecbd,LLMs.txt æ ¼å¼æ–‡æ¡£,LLMs.txt æ ¼å¼æ–‡æ¡£,official-resources,general,https://docs.anthropic.com/llms.txt,,Anthropic,https://www.anthropic.com,TRUE,2025/12/15,2025/12/15,2025/12/15,,ç®€åŒ–ç‰ˆæ–‡æ¡£,ç®€åŒ–ç‰ˆæ–‡æ¡£,Anthropic æ–‡æ¡£ä¸ API,TRUE,official
off-63f8345d,Context7 é•œåƒ,Context7 é•œåƒ,official-resources,general,https://context7.com/docs.anthropic.com/llmstxt,,Anthropic,https://www.anthropic.com,TRUE,2025/12/15,2025/12/15,2025/12/15,,"(289.6K tokens, 1.2K snippets)","(289.6K tokens, 1.2K snippets)",Anthropic æ–‡æ¡£ä¸ API,TRUE,official
off-ebb5112a,å®Œæ•´ç‰ˆ LLMs.txt,å®Œæ•´ç‰ˆ LLMs.txt,official-resources,general,https://docs.anthropic.com/llms-full.txt,,Anthropic,https://www.anthropic.com,TRUE,2025/12/15,2025/12/15,2025/12/15,,è¯¦ç»†ç‰ˆæ–‡æ¡£,è¯¦ç»†ç‰ˆæ–‡æ¡£,Anthropic æ–‡æ¡£ä¸ API,TRUE,official
off-b65f05fa,Context7 é•œåƒ,Context7 é•œåƒ,official-resources,general,https://context7.com/docs.anthropic.com-7a01857/llmstxt,,Anthropic,https://www.anthropic.com,TRUE,2025/12/15,2025/12/15,2025/12/15,,"(300.1K tokens, 1.3K snippets)","(300.1K tokens, 1.3K snippets)",Anthropic æ–‡æ¡£ä¸ API,TRUE,official
off-53b03e0b,Python SDK,Python SDK,official-resources,general,https://github.com/anthropics/anthropic-sdk-python,,anthropics,https://github.com/anthropics,TRUE,2025/12/15,2025/12/15,2025/12/15,,å®˜æ–¹ Python å®¢æˆ·ç«¯åº“,å®˜æ–¹ Python å®¢æˆ·ç«¯åº“,Anthropic SDK åº“,TRUE,official
off-26ba2596,Context7 æ–‡æ¡£,Context7 æ–‡æ¡£,official-resources,general,https://context7.com/anthropics/anthropic-sdk-python,,Context7,https://context7.com,TRUE,2025/12/15,2025/12/15,2025/12/15,,"(16.4K tokens, 72 snippets)","(16.4K tokens, 72 snippets)",Anthropic SDK åº“,TRUE,official
off-7d4122f9,TypeScript/JavaScript SDK,TypeScript/JavaScript SDK,official-resources,general,https://github.com/anthropics/anthropic-sdk-typescript,,anthropics,https://github.com/anthropics,TRUE,2025/12/15,2025/12/15,2025/12/15,,å®˜æ–¹ TypeScript å®¢æˆ·ç«¯åº“,å®˜æ–¹ TypeScript å®¢æˆ·ç«¯åº“,Anthropic SDK åº“,TRUE,official
off-87f3cebf,Context7 æ–‡æ¡£,Context7 æ–‡æ¡£,official-resources,general,https://context7.com/anthropics/anthropic-sdk-typescript,,Context7,https://context7.com,TRUE,2025/12/15,2025/12/15,2025/12/15,,"(14.5K tokens, 123 snippets)","(14.5K tokens, 123 snippets)",Anthropic SDK åº“,TRUE,official
off-904dda29,Go SDK,Go SDK,official-resources,general,https://github.com/anthropics/anthropic-sdk-go,,anthropics,https://github.com/anthropics,TRUE,2025/12/15,2025/12/15,2025/12/15,,å®˜æ–¹ Go å®¢æˆ·ç«¯åº“,å®˜æ–¹ Go å®¢æˆ·ç«¯åº“,Anthropic SDK åº“,TRUE,official
off-a8aa247c,Context7 æ–‡æ¡£,Context7 æ–‡æ¡£,official-resources,general,https://context7.com/anthropics/anthropic-sdk-go,,Context7,https://context7.com,TRUE,2025/12/15,2025/12/15,2025/12/15,,"(12.1K tokens, 95 snippets)","(12.1K tokens, 95 snippets)",Anthropic SDK åº“,TRUE,official
off-f9820bb1,Ruby SDK,Ruby SDK,official-resources,general,https://github.com/anthropics/anthropic-sdk-ruby,,anthropics,https://github.com/anthropics,TRUE,2025/12/15,2025/12/15,2025/12/15,,å®˜æ–¹ Ruby å®¢æˆ·ç«¯åº“,å®˜æ–¹ Ruby å®¢æˆ·ç«¯åº“,Anthropic SDK åº“,TRUE,official
off-1c877cf4,Context7 æ–‡æ¡£,Context7 æ–‡æ¡£,official-resources,general,https://context7.com/anthropics/anthropic-sdk-ruby,,Context7,https://context7.com,TRUE,2025/12/15,2025/12/15,2025/12/15,,Mirror and documentation for Context7 æ–‡æ¡£,Context7 æ–‡æ¡£ çš„é•œåƒå’Œæ–‡æ¡£,Anthropic SDK åº“,TRUE,official
off-fed022b0,Java SDK,Java SDK,official-resources,general,https://github.com/anthropics/anthropic-sdk-java,,anthropics,https://github.com/anthropics,TRUE,2025/12/15,2025/12/15,2025/12/15,,å®˜æ–¹ Java å®¢æˆ·ç«¯åº“,å®˜æ–¹ Java å®¢æˆ·ç«¯åº“,Anthropic SDK åº“,TRUE,official
off-303279f6,Context7 æ–‡æ¡£,Context7 æ–‡æ¡£,official-resources,general,https://context7.com/anthropics/anthropic-sdk-java,,Context7,https://context7.com,TRUE,2025/12/15,2025/12/15,2025/12/15,,Mirror and documentation for Context7 æ–‡æ¡£,Context7 æ–‡æ¡£ çš„é•œåƒå’Œæ–‡æ¡£,Anthropic SDK åº“,TRUE,official
off-850c5366,TypeScript Tokenizer,TypeScript Tokenizer,official-resources,general,https://github.com/anthropics/anthropic-tokenizer-typescript,,anthropics,https://github.com/anthropics,TRUE,2025/12/15,2025/12/15,2025/12/15,,å®˜æ–¹åˆ†è¯å™¨,å®˜æ–¹åˆ†è¯å™¨,Anthropic SDK åº“,TRUE,official
off-294e3f7b,Context7 æ–‡æ¡£,Context7 æ–‡æ¡£,official-resources,general,https://context7.com/anthropics/anthropic-tokenizer-typescript,,Context7,https://context7.com,TRUE,2025/12/15,2025/12/15,2025/12/15,,Mirror and documentation for Context7 æ–‡æ¡£,Context7 æ–‡æ¡£ çš„é•œåƒå’Œæ–‡æ¡£,Anthropic SDK åº“,TRUE,official
off-cc517aa2,Anthropic è¯¾ç¨‹,Anthropic è¯¾ç¨‹,official-resources,general,https://github.com/anthropics/courses,,anthropics,https://github.com/anthropics,TRUE,2025/12/15,2025/12/15,2025/12/15,,å®˜æ–¹è¯¾ç¨‹ææ–™,å®˜æ–¹è¯¾ç¨‹ææ–™,Anthropic æ•™ç¨‹ä¸ç¤ºä¾‹,TRUE,official
off-c90556d2,Context7 æ–‡æ¡£,Context7 æ–‡æ¡£,official-resources,general,https://context7.com/anthropics/courses,,Context7,https://context7.com,TRUE,2025/12/15,2025/12/15,2025/12/15,,"(153K tokens, 773 snippets)","(153K tokens, 773 snippets)",Anthropic æ•™ç¨‹ä¸ç¤ºä¾‹,TRUE,official
off-2e6db7b8,Anthropic Cookbook,Anthropic Cookbook,official-resources,general,https://github.com/anthropics/anthropic-cookbook,,anthropics,https://github.com/anthropics,TRUE,2025/12/15,2025/12/15,2025/12/15,,å®ç”¨ä»£ç ç¤ºä¾‹,å®ç”¨ä»£ç ç¤ºä¾‹,Anthropic æ•™ç¨‹ä¸ç¤ºä¾‹,TRUE,official
off-e092f4f0,Context7 æ–‡æ¡£,Context7 æ–‡æ¡£,official-resources,general,https://context7.com/anthropics/anthropic-cookbook,,Context7,https://context7.com,TRUE,2025/12/15,2025/12/15,2025/12/15,,"(173.4K tokens, 542 snippets)","(173.4K tokens, 542 snippets)",Anthropic æ•™ç¨‹ä¸ç¤ºä¾‹,TRUE,official
off-38338ee4,Anthropic å¿«é€Ÿå¼€å§‹,Anthropic å¿«é€Ÿå¼€å§‹,official-resources,general,https://github.com/anthropics/anthropic-quickstarts,,anthropics,https://github.com/anthropics,TRUE,2025/12/15,2025/12/15,2025/12/15,,å¿«é€Ÿå…¥é—¨é¡¹ç›®,å¿«é€Ÿå…¥é—¨é¡¹ç›®,Anthropic æ•™ç¨‹ä¸ç¤ºä¾‹,TRUE,official
off-7238c3c6,Context7 æ–‡æ¡£,Context7 æ–‡æ¡£,official-resources,general,https://context7.com/anthropics/anthropic-quickstarts,,Context7,https://context7.com,TRUE,2025/12/15,2025/12/15,2025/12/15,,"(11.7K tokens, 41 snippets)","(11.7K tokens, 41 snippets)",Anthropic æ•™ç¨‹ä¸ç¤ºä¾‹,TRUE,official
wf-6c57b280,macOS å®‰è£…æŒ‡å—,macOS å®‰è£…æŒ‡å—,workflows,general,https://github.com/yiancode/AwesomeClaudeCode/blob/main/docs/installation/macos.md,,yiancode,https://github.com/yiancode,FALSE,2025/12/15,2025/12/15,2025/12/15,,Workflow and knowledge guide,å·¥ä½œæµå’ŒçŸ¥è¯†æŒ‡å—,å®‰è£…ä¸é…ç½®,FALSE,community
wf-702906cb,Windows å®‰è£…æŒ‡å—,Windows å®‰è£…æŒ‡å—,workflows,general,https://github.com/yiancode/AwesomeClaudeCode/blob/main/docs/installation/windows.md,,yiancode,https://github.com/yiancode,FALSE,2025/12/15,2025/12/15,2025/12/15,,Workflow and knowledge guide,å·¥ä½œæµå’ŒçŸ¥è¯†æŒ‡å—,å®‰è£…ä¸é…ç½®,FALSE,community
wf-3b9c45bf,Linux å®‰è£…æŒ‡å—,Linux å®‰è£…æŒ‡å—,workflows,general,https://github.com/yiancode/AwesomeClaudeCode/blob/main/docs/installation/linux.md,,yiancode,https://github.com/yiancode,FALSE,2025/12/15,2025/12/15,2025/12/15,,Workflow and knowledge guide,å·¥ä½œæµå’ŒçŸ¥è¯†æŒ‡å—,å®‰è£…ä¸é…ç½®,FALSE,community
wf-15037993,é…ç½®æŒ‡å—,é…ç½®æŒ‡å—,workflows,general,https://github.com/yiancode/AwesomeClaudeCode/blob/main/docs/installation/configuration.md,,yiancode,https://github.com/yiancode,FALSE,2025/12/15,2025/12/15,2025/12/15,,Workflow and knowledge guide,å·¥ä½œæµå’ŒçŸ¥è¯†æŒ‡å—,å®‰è£…ä¸é…ç½®,FALSE,community
wf-f9e51fc7,ç¯å¢ƒå˜é‡è®¾ç½®,ç¯å¢ƒå˜é‡è®¾ç½®,workflows,general,https://github.com/yiancode/AwesomeClaudeCode/blob/main/docs/installation/environment.md,,yiancode,https://github.com/yiancode,FALSE,2025/12/15,2025/12/15,2025/12/15,,Workflow and knowledge guide,å·¥ä½œæµå’ŒçŸ¥è¯†æŒ‡å—,å®‰è£…ä¸é…ç½®,FALSE,community
wf-6d57fce2,æ•…éšœæ’é™¤,æ•…éšœæ’é™¤,workflows,general,https://github.com/yiancode/AwesomeClaudeCode/blob/main/docs/installation/troubleshooting.md,,yiancode,https://github.com/yiancode,FALSE,2025/12/15,2025/12/15,2025/12/15,,Workflow and knowledge guide,å·¥ä½œæµå’ŒçŸ¥è¯†æŒ‡å—,å®‰è£…ä¸é…ç½®,FALSE,community
wf-32060b5f,ä½ çš„ç¬¬ä¸€ä¸ª Claude Code ä¼šè¯,ä½ çš„ç¬¬ä¸€ä¸ª Claude Code ä¼šè¯,workflows,general,https://github.com/yiancode/AwesomeClaudeCode/blob/main/docs/getting-started/first-session.md,,yiancode,https://github.com/yiancode,FALSE,2025/12/15,2025/12/15,2025/12/15,,Workflow and knowledge guide,å·¥ä½œæµå’ŒçŸ¥è¯†æŒ‡å—,å…¥é—¨æ•™ç¨‹,FALSE,community
wf-2cb5dbca,åŸºæœ¬å‘½ä»¤å’Œæ“ä½œ,åŸºæœ¬å‘½ä»¤å’Œæ“ä½œ,workflows,general,https://github.com/yiancode/AwesomeClaudeCode/blob/main/docs/getting-started/basic-commands.md,,yiancode,https://github.com/yiancode,FALSE,2025/12/15,2025/12/15,2025/12/15,,Workflow and knowledge guide,å·¥ä½œæµå’ŒçŸ¥è¯†æŒ‡å—,å…¥é—¨æ•™ç¨‹,FALSE,community
wf-12321afb,ç†è§£å·¥ä½œæµç¨‹,ç†è§£å·¥ä½œæµç¨‹,workflows,general,https://github.com/yiancode/AwesomeClaudeCode/blob/main/docs/getting-started/workflow.md,,yiancode,https://github.com/yiancode,FALSE,2025/12/15,2025/12/15,2025/12/15,,Workflow and knowledge guide,å·¥ä½œæµå’ŒçŸ¥è¯†æŒ‡å—,å…¥é—¨æ•™ç¨‹,FALSE,community
wf-ecaef636,æ–‡ä»¶æ“ä½œåŸºç¡€,æ–‡ä»¶æ“ä½œåŸºç¡€,workflows,general,https://github.com/yiancode/AwesomeClaudeCode/blob/main/docs/getting-started/file-operations.md,,yiancode,https://github.com/yiancode,FALSE,2025/12/15,2025/12/15,2025/12/15,,Workflow and knowledge guide,å·¥ä½œæµå’ŒçŸ¥è¯†æŒ‡å—,å…¥é—¨æ•™ç¨‹,FALSE,community
wf-a635e32e,ä»£ç ç”Ÿæˆä¸ç¼–è¾‘,ä»£ç ç”Ÿæˆä¸ç¼–è¾‘,workflows,general,https://github.com/yiancode/AwesomeClaudeCode/blob/main/docs/getting-started/code-generation.md,,yiancode,https://github.com/yiancode,FALSE,2025/12/15,2025/12/15,2025/12/15,,Workflow and knowledge guide,å·¥ä½œæµå’ŒçŸ¥è¯†æŒ‡å—,å…¥é—¨æ•™ç¨‹,FALSE,community
wf-92ac0385,ä½¿ç”¨ TODO ä»»åŠ¡ç®¡ç†,ä½¿ç”¨ TODO ä»»åŠ¡ç®¡ç†,workflows,general,https://github.com/yiancode/AwesomeClaudeCode/blob/main/docs/getting-started/todo-management.md,,yiancode,https://github.com/yiancode,FALSE,2025/12/15,2025/12/15,2025/12/15,,Workflow and knowledge guide,å·¥ä½œæµå’ŒçŸ¥è¯†æŒ‡å—,å…¥é—¨æ•™ç¨‹,FALSE,community
wf-47eae86e,è°ƒè¯•å’Œé”™è¯¯å¤„ç†,è°ƒè¯•å’Œé”™è¯¯å¤„ç†,workflows,general,https://github.com/yiancode/AwesomeClaudeCode/blob/main/docs/getting-started/debugging.md,,yiancode,https://github.com/yiancode,FALSE,2025/12/15,2025/12/15,2025/12/15,,Workflow and knowledge guide,å·¥ä½œæµå’ŒçŸ¥è¯†æŒ‡å—,å…¥é—¨æ•™ç¨‹,FALSE,community
wf-d8a3fe30,æµ‹è¯•é©±åŠ¨å¼€å‘,æµ‹è¯•é©±åŠ¨å¼€å‘,workflows,general,https://github.com/yiancode/AwesomeClaudeCode/blob/main/docs/getting-started/tdd.md,,yiancode,https://github.com/yiancode,FALSE,2025/12/15,2025/12/15,2025/12/15,,Workflow and knowledge guide,å·¥ä½œæµå’ŒçŸ¥è¯†æŒ‡å—,å…¥é—¨æ•™ç¨‹,FALSE,community
wf-03dcf94c,ç‰ˆæœ¬æ§åˆ¶é›†æˆ,ç‰ˆæœ¬æ§åˆ¶é›†æˆ,workflows,general,https://github.com/yiancode/AwesomeClaudeCode/blob/main/docs/getting-started/git-integration.md,,yiancode,https://github.com/yiancode,FALSE,2025/12/15,2025/12/15,2025/12/15,,Workflow and knowledge guide,å·¥ä½œæµå’ŒçŸ¥è¯†æŒ‡å—,å…¥é—¨æ•™ç¨‹,FALSE,community
wf-c491e7c7,Agent ä»»åŠ¡è‡ªåŠ¨åŒ–,Agent ä»»åŠ¡è‡ªåŠ¨åŒ–,workflows,general,https://github.com/yiancode/AwesomeClaudeCode/blob/main/docs/advanced/agents.md,,yiancode,https://github.com/yiancode,FALSE,2025/12/15,2025/12/15,2025/12/15,,Workflow and knowledge guide,å·¥ä½œæµå’ŒçŸ¥è¯†æŒ‡å—,é«˜çº§åŠŸèƒ½,FALSE,community
wf-ea302fdf,å¤šæ–‡ä»¶ç¼–è¾‘,å¤šæ–‡ä»¶ç¼–è¾‘,workflows,general,https://github.com/yiancode/AwesomeClaudeCode/blob/main/docs/advanced/multi-file-editing.md,,yiancode,https://github.com/yiancode,FALSE,2025/12/15,2025/12/15,2025/12/15,,Workflow and knowledge guide,å·¥ä½œæµå’ŒçŸ¥è¯†æŒ‡å—,é«˜çº§åŠŸèƒ½,FALSE,community
wf-5b1c610e,ä»£ç é‡æ„,ä»£ç é‡æ„,workflows,general,https://github.com/yiancode/AwesomeClaudeCode/blob/main/docs/advanced/refactoring.md,,yiancode,https://github.com/yiancode,FALSE,2025/12/15,2025/12/15,2025/12/15,,Workflow and knowledge guide,å·¥ä½œæµå’ŒçŸ¥è¯†æŒ‡å—,é«˜çº§åŠŸèƒ½,FALSE,community
wf-f04b32b6,è‡ªå®šä¹‰ Hooks,è‡ªå®šä¹‰ Hooks,workflows,general,https://github.com/yiancode/AwesomeClaudeCode/blob/main/docs/advanced/hooks.md,,yiancode,https://github.com/yiancode,FALSE,2025/12/15,2025/12/15,2025/12/15,,Workflow and knowledge guide,å·¥ä½œæµå’ŒçŸ¥è¯†æŒ‡å—,é«˜çº§åŠŸèƒ½,FALSE,community
wf-2db17a5d,MCP (Model Context Protocol) é›†æˆ,MCP (Model Context Protocol) é›†æˆ,workflows,general,https://github.com/yiancode/AwesomeClaudeCode/blob/main/docs/advanced/mcp.md,,yiancode,https://github.com/yiancode,FALSE,2025/12/15,2025/12/15,2025/12/15,,Workflow and knowledge guide,å·¥ä½œæµå’ŒçŸ¥è¯†æŒ‡å—,é«˜çº§åŠŸèƒ½,FALSE,community
wf-5168d9a1,æ€§èƒ½ä¼˜åŒ–æŠ€å·§,æ€§èƒ½ä¼˜åŒ–æŠ€å·§,workflows,general,https://github.com/yiancode/AwesomeClaudeCode/blob/main/docs/advanced/performance.md,,yiancode,https://github.com/yiancode,FALSE,2025/12/15,2025/12/15,2025/12/15,,Workflow and knowledge guide,å·¥ä½œæµå’ŒçŸ¥è¯†æŒ‡å—,é«˜çº§åŠŸèƒ½,FALSE,community
wf-29dde6e6,ä¸Šä¸‹æ–‡ç®¡ç†,ä¸Šä¸‹æ–‡ç®¡ç†,workflows,general,https://github.com/yiancode/AwesomeClaudeCode/blob/main/docs/advanced/context-management.md,,yiancode,https://github.com/yiancode,FALSE,2025/12/15,2025/12/15,2025/12/15,,Workflow and knowledge guide,å·¥ä½œæµå’ŒçŸ¥è¯†æŒ‡å—,é«˜çº§åŠŸèƒ½,FALSE,community
wf-3d26a657,è‡ªå®šä¹‰å·¥ä½œæµ,è‡ªå®šä¹‰å·¥ä½œæµ,workflows,general,https://github.com/yiancode/AwesomeClaudeCode/blob/main/docs/advanced/custom-workflows.md,,yiancode,https://github.com/yiancode,FALSE,2025/12/15,2025/12/15,2025/12/15,,Workflow and knowledge guide,å·¥ä½œæµå’ŒçŸ¥è¯†æŒ‡å—,é«˜çº§åŠŸèƒ½,FALSE,community
wf-10c94164,æ‰¹é‡æ“ä½œ,æ‰¹é‡æ“ä½œ,workflows,general,https://github.com/yiancode/AwesomeClaudeCode/blob/main/docs/advanced/batch-operations.md,,yiancode,https://github.com/yiancode,FALSE,2025/12/15,2025/12/15,2025/12/15,,Workflow and knowledge guide,å·¥ä½œæµå’ŒçŸ¥è¯†æŒ‡å—,é«˜çº§åŠŸèƒ½,FALSE,community
wf-d66f6f6a,æ‰©å±•åŠŸèƒ½,æ‰©å±•åŠŸèƒ½,workflows,general,https://github.com/yiancode/AwesomeClaudeCode/blob/main/docs/advanced/extensions.md,,yiancode,https://github.com/yiancode,FALSE,2025/12/15,2025/12/15,2025/12/15,,Workflow and knowledge guide,å·¥ä½œæµå’ŒçŸ¥è¯†æŒ‡å—,é«˜çº§åŠŸèƒ½,FALSE,community
wf-3dc5f662,é«˜æ•ˆæç¤ºè¯æ¨¡æ¿,é«˜æ•ˆæç¤ºè¯æ¨¡æ¿,workflows,general,https://github.com/yiancode/AwesomeClaudeCode/blob/main/docs/case-studies/prompt-templates.md,,yiancode,https://github.com/yiancode,FALSE,2025/12/15,2025/12/15,2025/12/15,,Workflow and knowledge guide,å·¥ä½œæµå’ŒçŸ¥è¯†æŒ‡å—,æœ€ä½³å®è·µ,FALSE,community
wf-27fb3454,ä»»åŠ¡åˆ†è§£ç­–ç•¥,ä»»åŠ¡åˆ†è§£ç­–ç•¥,workflows,general,https://github.com/yiancode/AwesomeClaudeCode/blob/main/docs/case-studies/task-breakdown.md,,yiancode,https://github.com/yiancode,FALSE,2025/12/15,2025/12/15,2025/12/15,,Workflow and knowledge guide,å·¥ä½œæµå’ŒçŸ¥è¯†æŒ‡å—,æœ€ä½³å®è·µ,FALSE,community
wf-2a14ea9e,ä¸Šä¸‹æ–‡ä¼˜åŒ–,ä¸Šä¸‹æ–‡ä¼˜åŒ–,workflows,general,https://github.com/yiancode/AwesomeClaudeCode/blob/main/docs/case-studies/context-optimization.md,,yiancode,https://github.com/yiancode,FALSE,2025/12/15,2025/12/15,2025/12/15,,Workflow and knowledge guide,å·¥ä½œæµå’ŒçŸ¥è¯†æŒ‡å—,æœ€ä½³å®è·µ,FALSE,community
wf-d1b54d6e,å›¢é˜Ÿåä½œæœ€ä½³å®è·µ,å›¢é˜Ÿåä½œæœ€ä½³å®è·µ,workflows,general,https://github.com/yiancode/AwesomeClaudeCode/blob/main/docs/case-studies/team-collaboration.md,,yiancode,https://github.com/yiancode,FALSE,2025/12/15,2025/12/15,2025/12/15,,Workflow and knowledge guide,å·¥ä½œæµå’ŒçŸ¥è¯†æŒ‡å—,æœ€ä½³å®è·µ,FALSE,community
wf-cb77f68f,CI/CD é›†æˆ,CI/CD é›†æˆ,workflows,general,https://github.com/yiancode/AwesomeClaudeCode/blob/main/docs/case-studies/cicd-integration.md,,yiancode,https://github.com/yiancode,FALSE,2025/12/15,2025/12/15,2025/12/15,,Workflow and knowledge guide,å·¥ä½œæµå’ŒçŸ¥è¯†æŒ‡å—,æœ€ä½³å®è·µ,FALSE,community
wf-4189d396,ä»£ç å®¡æŸ¥æµç¨‹,ä»£ç å®¡æŸ¥æµç¨‹,workflows,general,https://github.com/yiancode/AwesomeClaudeCode/blob/main/docs/case-studies/code-review.md,,yiancode,https://github.com/yiancode,FALSE,2025/12/15,2025/12/15,2025/12/15,,Workflow and knowledge guide,å·¥ä½œæµå’ŒçŸ¥è¯†æŒ‡å—,æœ€ä½³å®è·µ,FALSE,community
case-8f1ec3f3,æ„å»ºå…¨æ ˆ Web åº”ç”¨,æ„å»ºå…¨æ ˆ Web åº”ç”¨,case-studies,general,https://github.com/yiancode/AwesomeClaudeCode/blob/main/examples/web/fullstack-app/,,yiancode,https://github.com/yiancode,FALSE,2025/12/15,2025/12/15,2025/12/15,,Case study and real-world example,æ¡ˆä¾‹ç ”ç©¶å’Œå®é™…ç¤ºä¾‹,æ¡ˆä¾‹ç ”ç©¶,FALSE,community
case-7a6b8fc4,React/Vue/Angular é¡¹ç›®å¼€å‘,React/Vue/Angular é¡¹ç›®å¼€å‘,case-studies,general,https://github.com/yiancode/AwesomeClaudeCode/blob/main/examples/web/frontend/,,yiancode,https://github.com/yiancode,FALSE,2025/12/15,2025/12/15,2025/12/15,,Case study and real-world example,æ¡ˆä¾‹ç ”ç©¶å’Œå®é™…ç¤ºä¾‹,æ¡ˆä¾‹ç ”ç©¶,FALSE,community
case-66711edf,Node.js API å¼€å‘,Node.js API å¼€å‘,case-studies,general,https://github.com/yiancode/AwesomeClaudeCode/blob/main/examples/web/backend/,,yiancode,https://github.com/yiancode,FALSE,2025/12/15,2025/12/15,2025/12/15,,Case study and real-world example,æ¡ˆä¾‹ç ”ç©¶å’Œå®é™…ç¤ºä¾‹,æ¡ˆä¾‹ç ”ç©¶,FALSE,community
case-87747229,æ•°æ®åº“è®¾è®¡ä¸ä¼˜åŒ–,æ•°æ®åº“è®¾è®¡ä¸ä¼˜åŒ–,case-studies,general,https://github.com/yiancode/AwesomeClaudeCode/blob/main/examples/web/database/,,yiancode,https://github.com/yiancode,FALSE,2025/12/15,2025/12/15,2025/12/15,,Case study and real-world example,æ¡ˆä¾‹ç ”ç©¶å’Œå®é™…ç¤ºä¾‹,æ¡ˆä¾‹ç ”ç©¶,FALSE,community
case-0bbdf50b,React Native åº”ç”¨å¼€å‘,React Native åº”ç”¨å¼€å‘,case-studies,general,https://github.com/yiancode/AwesomeClaudeCode/blob/main/examples/mobile/react-native/,,yiancode,https://github.com/yiancode,FALSE,2025/12/15,2025/12/15,2025/12/15,,Case study and real-world example,æ¡ˆä¾‹ç ”ç©¶å’Œå®é™…ç¤ºä¾‹,æ¡ˆä¾‹ç ”ç©¶,FALSE,community
case-7401a3df,Flutter åº”ç”¨å¼€å‘,Flutter åº”ç”¨å¼€å‘,case-studies,general,https://github.com/yiancode/AwesomeClaudeCode/blob/main/examples/mobile/flutter/,,yiancode,https://github.com/yiancode,FALSE,2025/12/15,2025/12/15,2025/12/15,,Case study and real-world example,æ¡ˆä¾‹ç ”ç©¶å’Œå®é™…ç¤ºä¾‹,æ¡ˆä¾‹ç ”ç©¶,FALSE,community
case-4e4fa090,åŸç”Ÿåº”ç”¨å¼€å‘,åŸç”Ÿåº”ç”¨å¼€å‘,case-studies,general,https://github.com/yiancode/AwesomeClaudeCode/blob/main/examples/mobile/native/,,yiancode,https://github.com/yiancode,FALSE,2025/12/15,2025/12/15,2025/12/15,,Case study and real-world example,æ¡ˆä¾‹ç ”ç©¶å’Œå®é™…ç¤ºä¾‹,æ¡ˆä¾‹ç ”ç©¶,FALSE,community
case-b78f09ed,æ•°æ®åˆ†æä¸å¯è§†åŒ–,æ•°æ®åˆ†æä¸å¯è§†åŒ–,case-studies,general,https://github.com/yiancode/AwesomeClaudeCode/blob/main/examples/data-science/analysis/,,yiancode,https://github.com/yiancode,FALSE,2025/12/15,2025/12/15,2025/12/15,,Case study and real-world example,æ¡ˆä¾‹ç ”ç©¶å’Œå®é™…ç¤ºä¾‹,æ¡ˆä¾‹ç ”ç©¶,FALSE,community
case-cbac7e6d,æœºå™¨å­¦ä¹ æ¨¡å‹å¼€å‘,æœºå™¨å­¦ä¹ æ¨¡å‹å¼€å‘,case-studies,general,https://github.com/yiancode/AwesomeClaudeCode/blob/main/examples/data-science/ml/,,yiancode,https://github.com/yiancode,FALSE,2025/12/15,2025/12/15,2025/12/15,,Case study and real-world example,æ¡ˆä¾‹ç ”ç©¶å’Œå®é™…ç¤ºä¾‹,æ¡ˆä¾‹ç ”ç©¶,FALSE,community
case-456b4d3a,æ•°æ®å¤„ç†ç®¡é“,æ•°æ®å¤„ç†ç®¡é“,case-studies,general,https://github.com/yiancode/AwesomeClaudeCode/blob/main/examples/data-science/pipeline/,,yiancode,https://github.com/yiancode,FALSE,2025/12/15,2025/12/15,2025/12/15,,Case study and real-world example,æ¡ˆä¾‹ç ”ç©¶å’Œå®é™…ç¤ºä¾‹,æ¡ˆä¾‹ç ”ç©¶,FALSE,community
case-ea044fbc,è‡ªåŠ¨åŒ–éƒ¨ç½²è„šæœ¬,è‡ªåŠ¨åŒ–éƒ¨ç½²è„šæœ¬,case-studies,general,https://github.com/yiancode/AwesomeClaudeCode/blob/main/examples/devops/deployment/,,yiancode,https://github.com/yiancode,FALSE,2025/12/15,2025/12/15,2025/12/15,,Case study and real-world example,æ¡ˆä¾‹ç ”ç©¶å’Œå®é™…ç¤ºä¾‹,æ¡ˆä¾‹ç ”ç©¶,FALSE,community
case-647f3036,å®¹å™¨åŒ–åº”ç”¨,å®¹å™¨åŒ–åº”ç”¨,case-studies,general,https://github.com/yiancode/AwesomeClaudeCode/blob/main/examples/devops/docker/,,yiancode,https://github.com/yiancode,FALSE,2025/12/15,2025/12/15,2025/12/15,,Case study and real-world example,æ¡ˆä¾‹ç ”ç©¶å’Œå®é™…ç¤ºä¾‹,æ¡ˆä¾‹ç ”ç©¶,FALSE,community
case-b890589b,Kubernetes é…ç½®,Kubernetes é…ç½®,case-studies,general,https://github.com/yiancode/AwesomeClaudeCode/blob/main/examples/devops/k8s/,,yiancode,https://github.com/yiancode,FALSE,2025/12/15,2025/12/15,2025/12/15,,Case study and real-world example,æ¡ˆä¾‹ç ”ç©¶å’Œå®é™…ç¤ºä¾‹,æ¡ˆä¾‹ç ”ç©¶,FALSE,community
tool-9bc51bfc,VS Code æ‰©å±•,VS Code æ‰©å±•,tooling,general,https://github.com/yiancode/AwesomeClaudeCode/blob/main/docs/third-party/vscode.md,,yiancode,https://github.com/yiancode,FALSE,2025/12/15,2025/12/15,2025/12/15,,Development tool and utility,å¼€å‘å·¥å…·å’Œå®ç”¨ç¨‹åº,ç¬¬ä¸‰æ–¹å·¥å…·,FALSE,community
tool-3c5efff9,IntelliJ IDEA æ’ä»¶,IntelliJ IDEA æ’ä»¶,tooling,general,https://github.com/yiancode/AwesomeClaudeCode/blob/main/docs/third-party/intellij.md,,yiancode,https://github.com/yiancode,FALSE,2025/12/15,2025/12/15,2025/12/15,,Development tool and utility,å¼€å‘å·¥å…·å’Œå®ç”¨ç¨‹åº,ç¬¬ä¸‰æ–¹å·¥å…·,FALSE,community
tool-27856620,Vim/Neovim é›†æˆ,Vim/Neovim é›†æˆ,tooling,general,https://github.com/yiancode/AwesomeClaudeCode/blob/main/docs/third-party/vim.md,,yiancode,https://github.com/yiancode,FALSE,2025/12/15,2025/12/15,2025/12/15,,Development tool and utility,å¼€å‘å·¥å…·å’Œå®ç”¨ç¨‹åº,ç¬¬ä¸‰æ–¹å·¥å…·,FALSE,community
tool-78ced67e,Emacs é›†æˆ,Emacs é›†æˆ,tooling,general,https://github.com/yiancode/AwesomeClaudeCode/blob/main/docs/third-party/emacs.md,,yiancode,https://github.com/yiancode,FALSE,2025/12/15,2025/12/15,2025/12/15,,Development tool and utility,å¼€å‘å·¥å…·å’Œå®ç”¨ç¨‹åº,ç¬¬ä¸‰æ–¹å·¥å…·,FALSE,community
tool-589e27e3,Oh My Zsh æ’ä»¶,Oh My Zsh æ’ä»¶,tooling,general,https://github.com/yiancode/AwesomeClaudeCode/blob/main/docs/third-party/oh-my-zsh.md,,yiancode,https://github.com/yiancode,FALSE,2025/12/15,2025/12/15,2025/12/15,,Development tool and utility,å¼€å‘å·¥å…·å’Œå®ç”¨ç¨‹åº,ç¬¬ä¸‰æ–¹å·¥å…·,FALSE,community
tool-b86b19c3,Fish Shell é›†æˆ,Fish Shell é›†æˆ,tooling,general,https://github.com/yiancode/AwesomeClaudeCode/blob/main/docs/third-party/fish.md,,yiancode,https://github.com/yiancode,FALSE,2025/12/15,2025/12/15,2025/12/15,,Development tool and utility,å¼€å‘å·¥å…·å’Œå®ç”¨ç¨‹åº,ç¬¬ä¸‰æ–¹å·¥å…·,FALSE,community
tool-cd721ed7,PowerShell æ¨¡å—,PowerShell æ¨¡å—,tooling,general,https://github.com/yiancode/AwesomeClaudeCode/blob/main/docs/third-party/powershell.md,,yiancode,https://github.com/yiancode,FALSE,2025/12/15,2025/12/15,2025/12/15,,Development tool and utility,å¼€å‘å·¥å…·å’Œå®ç”¨ç¨‹åº,ç¬¬ä¸‰æ–¹å·¥å…·,FALSE,community
tool-599b6b90,GitHub Actions é›†æˆ,GitHub Actions é›†æˆ,tooling,general,https://github.com/yiancode/AwesomeClaudeCode/blob/main/docs/third-party/github-actions.md,,yiancode,https://github.com/yiancode,FALSE,2025/12/15,2025/12/15,2025/12/15,,Development tool and utility,å¼€å‘å·¥å…·å’Œå®ç”¨ç¨‹åº,ç¬¬ä¸‰æ–¹å·¥å…·,FALSE,community
tool-8ac8f528,GitLab CI é›†æˆ,GitLab CI é›†æˆ,tooling,general,https://github.com/yiancode/AwesomeClaudeCode/blob/main/docs/third-party/gitlab-ci.md,,yiancode,https://github.com/yiancode,FALSE,2025/12/15,2025/12/15,2025/12/15,,Development tool and utility,å¼€å‘å·¥å…·å’Œå®ç”¨ç¨‹åº,ç¬¬ä¸‰æ–¹å·¥å…·,FALSE,community
tool-5d68f1f0,Jenkins æ’ä»¶,Jenkins æ’ä»¶,tooling,general,https://github.com/yiancode/AwesomeClaudeCode/blob/main/docs/third-party/jenkins.md,,yiancode,https://github.com/yiancode,FALSE,2025/12/15,2025/12/15,2025/12/15,,Development tool and utility,å¼€å‘å·¥å…·å’Œå®ç”¨ç¨‹åº,ç¬¬ä¸‰æ–¹å·¥å…·,FALSE,community
eco-2f9d9677,Claude Code ç¤¾åŒºè®ºå›,Claude Code ç¤¾åŒºè®ºå›,ecosystem,general,https://community.claude.ai,,Anthropic,https://www.anthropic.com,FALSE,2025/12/15,2025/12/15,2025/12/15,,Official Anthropic documentation and resources,Anthropic å®˜æ–¹æ–‡æ¡£å’Œèµ„æº,ç”Ÿæ€ç³»ç»Ÿ,FALSE,community
eco-752f8d6b,Reddit r/ClaudeCode,Reddit r/ClaudeCode,ecosystem,general,https://reddit.com/r/claudecode,,Reddit Community,https://www.reddit.com,TRUE,2025/12/15,2025/12/15,2025/12/15,,Ecosystem resource and integration,ç”Ÿæ€ç³»ç»Ÿèµ„æºå’Œé›†æˆ,ç”Ÿæ€ç³»ç»Ÿ,FALSE,community
eco-ea75f4f1,Stack Overflow æ ‡ç­¾,Stack Overflow æ ‡ç­¾,ecosystem,general,https://stackoverflow.com/questions/tagged/claude-code,,Stack Overflow Community,https://stackoverflow.com,TRUE,2025/12/15,2025/12/15,2025/12/15,,Ecosystem resource and integration,ç”Ÿæ€ç³»ç»Ÿèµ„æºå’Œé›†æˆ,ç”Ÿæ€ç³»ç»Ÿ,FALSE,community
eco-f6124ac7,YouTube æ•™ç¨‹é¢‘é“,YouTube æ•™ç¨‹é¢‘é“,ecosystem,general,https://github.com/yiancode/AwesomeClaudeCode/blob/main/docs/ecosystem/youtube-channels.md,,yiancode,https://github.com/yiancode,FALSE,2025/12/15,2025/12/15,2025/12/15,,Ecosystem resource and integration,ç”Ÿæ€ç³»ç»Ÿèµ„æºå’Œé›†æˆ,ç”Ÿæ€ç³»ç»Ÿ,FALSE,community
eco-a2cff1a1,åœ¨çº¿è¯¾ç¨‹,åœ¨çº¿è¯¾ç¨‹,ecosystem,general,https://github.com/yiancode/AwesomeClaudeCode/blob/main/docs/ecosystem/courses.md,,yiancode,https://github.com/yiancode,FALSE,2025/12/15,2025/12/15,2025/12/15,,Ecosystem resource and integration,ç”Ÿæ€ç³»ç»Ÿèµ„æºå’Œé›†æˆ,ç”Ÿæ€ç³»ç»Ÿ,FALSE,community
eco-b3c233f1,ä¹¦ç±æ¨è,ä¹¦ç±æ¨è,ecosystem,general,https://github.com/yiancode/AwesomeClaudeCode/blob/main/docs/ecosystem/books.md,,yiancode,https://github.com/yiancode,FALSE,2025/12/15,2025/12/15,2025/12/15,,Ecosystem resource and integration,ç”Ÿæ€ç³»ç»Ÿèµ„æºå’Œé›†æˆ,ç”Ÿæ€ç³»ç»Ÿ,FALSE,community
eco-a8892e13,åšå®¢æ–‡ç« ,åšå®¢æ–‡ç« ,ecosystem,general,https://github.com/yiancode/AwesomeClaudeCode/blob/main/docs/ecosystem/blogs.md,,yiancode,https://github.com/yiancode,FALSE,2025/12/15,2025/12/15,2025/12/15,,Ecosystem resource and integration,ç”Ÿæ€ç³»ç»Ÿèµ„æºå’Œé›†æˆ,ç”Ÿæ€ç³»ç»Ÿ,FALSE,community
eco-598f97a6,æ’­å®¢èŠ‚ç›®,æ’­å®¢èŠ‚ç›®,ecosystem,general,https://github.com/yiancode/AwesomeClaudeCode/blob/main/docs/ecosystem/podcasts.md,,yiancode,https://github.com/yiancode,FALSE,2025/12/15,2025/12/15,2025/12/15,,Ecosystem resource and integration,ç”Ÿæ€ç³»ç»Ÿèµ„æºå’Œé›†æˆ,ç”Ÿæ€ç³»ç»Ÿ,FALSE,community
eco-7dd1a6ee,é¡¹ç›®æ¨¡æ¿é›†åˆ,é¡¹ç›®æ¨¡æ¿é›†åˆ,ecosystem,general,https://github.com/yiancode/AwesomeClaudeCode/blob/main/docs/ecosystem/templates.md,,yiancode,https://github.com/yiancode,FALSE,2025/12/15,2025/12/15,2025/12/15,,Ecosystem resource and integration,ç”Ÿæ€ç³»ç»Ÿèµ„æºå’Œé›†æˆ,ç”Ÿæ€ç³»ç»Ÿ,FALSE,community
eco-d5495b68,ä»£ç ç‰‡æ®µåº“,ä»£ç ç‰‡æ®µåº“,ecosystem,general,https://github.com/yiancode/AwesomeClaudeCode/blob/main/docs/ecosystem/snippets.md,,yiancode,https://github.com/yiancode,FALSE,2025/12/15,2025/12/15,2025/12/15,,Ecosystem resource and integration,ç”Ÿæ€ç³»ç»Ÿèµ„æºå’Œé›†æˆ,ç”Ÿæ€ç³»ç»Ÿ,FALSE,community
eco-902cc4f8,é…ç½®æ–‡ä»¶ç¤ºä¾‹,é…ç½®æ–‡ä»¶ç¤ºä¾‹,ecosystem,general,https://github.com/yiancode/AwesomeClaudeCode/blob/main/docs/ecosystem/configs.md,,yiancode,https://github.com/yiancode,FALSE,2025/12/15,2025/12/15,2025/12/15,,Ecosystem resource and integration,ç”Ÿæ€ç³»ç»Ÿèµ„æºå’Œé›†æˆ,ç”Ÿæ€ç³»ç»Ÿ,FALSE,community
mcp-d6f310ac,Filesystem Server,Filesystem Server,mcp-servers,general,https://github.com/yiancode/AwesomeClaudeCode/blob/main/docs/mcp/filesystem.md,,yiancode,https://github.com/yiancode,FALSE,2025/12/15,2025/12/15,2025/12/15,,æ–‡ä»¶ç³»ç»Ÿæ“ä½œ,æ–‡ä»¶ç³»ç»Ÿæ“ä½œ,MCP æœåŠ¡å™¨,FALSE,community
mcp-3a0a8687,GitHub Server,GitHub Server,mcp-servers,general,https://github.com/yiancode/AwesomeClaudeCode/blob/main/docs/mcp/github.md,,yiancode,https://github.com/yiancode,FALSE,2025/12/15,2025/12/15,2025/12/15,,GitHub é›†æˆ,GitHub é›†æˆ,MCP æœåŠ¡å™¨,FALSE,community
mcp-28ae17a5,Google Drive Server,Google Drive Server,mcp-servers,general,https://github.com/yiancode/AwesomeClaudeCode/blob/main/docs/mcp/google-drive.md,,yiancode,https://github.com/yiancode,FALSE,2025/12/15,2025/12/15,2025/12/15,,Google Drive é›†æˆ,Google Drive é›†æˆ,MCP æœåŠ¡å™¨,FALSE,community
mcp-ac318841,Slack Server,Slack Server,mcp-servers,general,https://github.com/yiancode/AwesomeClaudeCode/blob/main/docs/mcp/slack.md,,yiancode,https://github.com/yiancode,FALSE,2025/12/15,2025/12/15,2025/12/15,,Slack é›†æˆ,Slack é›†æˆ,MCP æœåŠ¡å™¨,FALSE,community
mcp-9f87a506,Database Servers,Database Servers,mcp-servers,general,https://github.com/yiancode/AwesomeClaudeCode/blob/main/docs/mcp/database.md,,yiancode,https://github.com/yiancode,FALSE,2025/12/15,2025/12/15,2025/12/15,,å„ç§æ•°æ®åº“é›†æˆ,å„ç§æ•°æ®åº“é›†æˆ,MCP æœåŠ¡å™¨,FALSE,community
mcp-89bd8cfd,Cloud Services,Cloud Services,mcp-servers,general,https://github.com/yiancode/AwesomeClaudeCode/blob/main/docs/mcp/cloud.md,,yiancode,https://github.com/yiancode,FALSE,2025/12/15,2025/12/15,2025/12/15,,AWSã€Azureã€GCP é›†æˆ,AWSã€Azureã€GCP é›†æˆ,MCP æœåŠ¡å™¨,FALSE,community
mcp-f6a8eaa1,API Integrations,API Integrations,mcp-servers,general,https://github.com/yiancode/AwesomeClaudeCode/blob/main/docs/mcp/api.md,,yiancode,https://github.com/yiancode,FALSE,2025/12/15,2025/12/15,2025/12/15,,ç¬¬ä¸‰æ–¹ API é›†æˆ,ç¬¬ä¸‰æ–¹ API é›†æˆ,MCP æœåŠ¡å™¨,FALSE,community
mcp-154a2921,Custom Servers,Custom Servers,mcp-servers,general,https://github.com/yiancode/AwesomeClaudeCode/blob/main/docs/mcp/custom.md,,yiancode,https://github.com/yiancode,FALSE,2025/12/15,2025/12/15,2025/12/15,,åˆ›å»ºè‡ªå®šä¹‰ MCP æœåŠ¡å™¨,åˆ›å»ºè‡ªå®šä¹‰ MCP æœåŠ¡å™¨,MCP æœåŠ¡å™¨,FALSE,community
mcp-fc1e41b6,MCP åè®®è§„èŒƒ,MCP åè®®è§„èŒƒ,mcp-servers,general,https://modelcontextprotocol.io/docs,,Anthropic,https://www.anthropic.com,TRUE,2025/12/15,2025/12/15,2025/12/15,,MCP server implementation,MCP æœåŠ¡å™¨å®ç°,MCP æœåŠ¡å™¨,FALSE,community
mcp-d7328f95,åˆ›å»ºä½ çš„ç¬¬ä¸€ä¸ª MCP æœåŠ¡å™¨,åˆ›å»ºä½ çš„ç¬¬ä¸€ä¸ª MCP æœåŠ¡å™¨,mcp-servers,general,https://github.com/yiancode/AwesomeClaudeCode/blob/main/docs/mcp/development.md,,yiancode,https://github.com/yiancode,FALSE,2025/12/15,2025/12/15,2025/12/15,,MCP server implementation,MCP æœåŠ¡å™¨å®ç°,MCP æœåŠ¡å™¨,FALSE,community
mcp-d4eed5d3,MCP æœåŠ¡å™¨æœ€ä½³å®è·µ,MCP æœåŠ¡å™¨æœ€ä½³å®è·µ,mcp-servers,general,https://github.com/yiancode/AwesomeClaudeCode/blob/main/docs/mcp/best-practices.md,,yiancode,https://github.com/yiancode,FALSE,2025/12/15,2025/12/15,2025/12/15,,MCP server implementation,MCP æœåŠ¡å™¨å®ç°,MCP æœåŠ¡å™¨,FALSE,community
proj-8d219c47,Claude Code Go,Claude Code Go,open-source-projects,general,https://github.com/lancekrogers/claude-code-go,,lancekrogers,https://github.com/lancekrogers,TRUE,2025/12/15,2025/12/15,2025/12/15,MIT,Go è¯­è¨€çš„ Claude Code å®ç°,Go è¯­è¨€çš„ Claude Code å®ç°,å¼€æºé¡¹ç›®,FALSE,community
proj-26ba2596,Context7 æ–‡æ¡£,Context7 æ–‡æ¡£,open-source-projects,general,https://context7.com/lancekrogers/claude-code-go,,Context7,https://context7.com,TRUE,2025/12/15,2025/12/15,2025/12/15,,Mirror and documentation for Context7 æ–‡æ¡£,Context7 æ–‡æ¡£ çš„é•œåƒå’Œæ–‡æ¡£,å¼€æºé¡¹ç›®,FALSE,community
proj-67e79a1c,Claude Code æ¨¡æ¿,Claude Code æ¨¡æ¿,open-source-projects,general,https://github.com/davila7/claude-code-templates,,davila7,https://github.com/davila7,TRUE,2025/12/15,2025/12/15,2025/12/15,MIT,é¡¹ç›®æ¨¡æ¿é›†åˆ,é¡¹ç›®æ¨¡æ¿é›†åˆ,å¼€æºé¡¹ç›®,FALSE,community
proj-e57ab26b,Context7 æ–‡æ¡£,Context7 æ–‡æ¡£,open-source-projects,general,https://context7.com/davila7/claude-code-templates,,Context7,https://context7.com,TRUE,2025/12/15,2025/12/15,2025/12/15,,Mirror and documentation for Context7 æ–‡æ¡£,Context7 æ–‡æ¡£ çš„é•œåƒå’Œæ–‡æ¡£,å¼€æºé¡¹ç›®,FALSE,community
proj-68925cf0,Claudette,Claudette,open-source-projects,general,https://github.com/answerdotai/claudette,,AnswerDotAI,https://github.com/AnswerDotAI,TRUE,2025/12/15,2025/12/15,2025/12/15,Apache-2.0,è½»é‡çº§ Claude API å®¢æˆ·ç«¯,è½»é‡çº§ Claude API å®¢æˆ·ç«¯,å¼€æºé¡¹ç›®,FALSE,community
proj-0f51893c,Context7 æ–‡æ¡£,Context7 æ–‡æ¡£,open-source-projects,general,https://context7.com/answerdotai/claudette,,Context7,https://context7.com,TRUE,2025/12/15,2025/12/15,2025/12/15,,Mirror and documentation for Context7 æ–‡æ¡£,Context7 æ–‡æ¡£ çš„é•œåƒå’Œæ–‡æ¡£,å¼€æºé¡¹ç›®,FALSE,community
proj-4b657b7d,MCP Think Tool,MCP Think Tool,open-source-projects,general,https://github.com/cgize/claude-mcp-think-tool,,cgize,https://github.com/cgize,TRUE,2025/12/15,2025/12/15,2025/12/15,MIT,Claude Desktop æ€è€ƒå·¥å…·,Claude Desktop æ€è€ƒå·¥å…·,å¼€æºé¡¹ç›®,FALSE,community
proj-21077ec1,Context7 æ–‡æ¡£,Context7 æ–‡æ¡£,open-source-projects,general,https://context7.com/cgize/claude-mcp-think-tool,,Context7,https://context7.com,TRUE,2025/12/15,2025/12/15,2025/12/15,,Mirror and documentation for Context7 æ–‡æ¡£,Context7 æ–‡æ¡£ çš„é•œåƒå’Œæ–‡æ¡£,å¼€æºé¡¹ç›®,FALSE,community
mcp-b387b0dd,Donating the Model Context Protocol and establishing the Agentic AI Foundation,Donating the Model Context Protocol and establishing the Agentic AI Foundation,mcp-servers,general,https://www.anthropic.com/news/donating-the-model-context-protocol-and-establishing-of-the-agentic-ai-foundation,,meetpateltech,https://news.ycombinator.com/user?id=meetpateltech,TRUE,2025/12/17,2025/12/17,2025/12/17,,Donating the Model Context Protocol and establishing the Agentic AI Foundation,Donating the Model Context Protocol and establishing the Agentic AI Foundation,,FALSE,community
eco-0569b8ff,Claude Opus 4.5,Claude Opus 4.5,ecosystem,general,https://www.anthropic.com/news/claude-opus-4-5,,adocomplete,https://news.ycombinator.com/user?id=adocomplete,TRUE,2025/12/17,2025/12/17,2025/12/17,,"<a href=""https:&#x2F;&#x2F;platform.claude.com&#x2F;docs&#x2F;en&#x2F;about-claude&#x2F;models&#x2F;whats-new-claude-4-5"" rel=""nofollow"">https:&#x2F;&#x2F;platform.claude.com&#x2F;docs&#x2F;en&#x2F...","<a href=""https:&#x2F;&#x2F;platform.claude.com&#x2F;docs&#x2F;en&#x2F;about-claude&#x2F;models&#x2F;whats-new-claude-4-5"" rel=""nofollow"">https:&#x2F;&#x2F;platform.claude.com&#x2F;docs&#x2F;en&#x2F...",,FALSE,community
mcp-9adcb166,Show HN: I taught Claude Code to draw diagrams â€“ the XML pitfalls were brutal,Show HN: I taught Claude Code to draw diagrams â€“ the XML pitfalls were brutal,mcp-servers,general,https://github.com/ekusiadadus/draw-mcp,,ekusiadadus,https://github.com/ekusiadadus,TRUE,2025/12/17,2025/12/17,2025/12/17,,Article URL: https://github.com/ekusiadadus/draw-mcp Comments URL: https://news.ycombinator.com/item?id=46298650 Points: 1 # Comments: 3,Article URL: https://github.com/ekusiadadus/draw-mcp Comments URL: https://news.ycombinator.com/item?id=46298650 Points: 1 # Comments: 3,,FALSE,community
mcp-a07f2af0,roychri/mcp-server-asana,roychri/mcp-server-asana,mcp-servers,general,https://github.com/roychri/mcp-server-asana,,roychri,https://github.com/roychri,TRUE,2025/12/17,2025/12/17,2025/12/17,,"ğŸ“‡ â˜ï¸ This Model Context Protocol server implementation of Asana allows you to talk to Asana API from MCP Client such as Anthropic's Claude Desktop Application, and many more.","ğŸ“‡ â˜ï¸ This Model Context Protocol server implementation of Asana allows you to talk to Asana API from MCP Client such as Anthropic's Claude Desktop Application, and many more.",,FALSE,community
mcp-3abf63a8,Gaffx/volatility-mcp,Gaffx/volatility-mcp,mcp-servers,general,https://github.com/Gaffx/volatility-mcp,,Gaffx,https://github.com/Gaffx,TRUE,2025/12/17,2025/12/17,2025/12/17,,"MCP server for Volatility 3.x, allowing you to perform memory forensics analysis with AI assistant. Experience memory forensics without barriers as plugins like pslist and netscan become accessible...","MCP server for Volatility 3.x, allowing you to perform memory forensics analysis with AI assistant. Experience memory forensics without barriers as plugins like pslist and netscan become accessible...",,FALSE,community
mcp-60f4ebec,traceloop/opentelemetry-mcp-server,traceloop/opentelemetry-mcp-server,mcp-servers,general,https://github.com/traceloop/opentelemetry-mcp-server.git,,traceloop,https://github.com/traceloop,FALSE,2025/12/17,2025/12/17,2025/12/17,,"ğŸğŸ  - An MCP server for connecting to any OpenTelemetry backend (Datadog, Grafana, Dynatrace, Traceloop, etc.).","ğŸğŸ  - An MCP server for connecting to any OpenTelemetry backend (Datadog, Grafana, Dynatrace, Traceloop, etc.).",,FALSE,community
mcp-329aebf2,ToolHive,ToolHive,mcp-servers,general,https://github.com/stacklok/toolhive,,stacklok,https://github.com/stacklok,TRUE,2025/12/17,2025/12/17,2025/12/17,,Find the right MCP server for your task and deploy with one click.,Find the right MCP server for your task and deploy with one click.,,FALSE,community
mcp-896216a1,nwiizo/tfmcp,nwiizo/tfmcp,mcp-servers,general,https://github.com/nwiizo/tfmcp,,nwiizo,https://github.com/nwiizo,TRUE,2025/12/17,2025/12/17,2025/12/17,,"ğŸ¦€ ğŸ  - A Terraform MCP server allowing AI assistants to manage and operate Terraform environments, enabling reading configurations, analyzing plans, applying configurations, and managing Terraform s...","ğŸ¦€ ğŸ  - A Terraform MCP server allowing AI assistants to manage and operate Terraform environments, enabling reading configurations, analyzing plans, applying configurations, and managing Terraform s...",,FALSE,community
mcp-42c55edd,AbdelStark/bitcoin-mcp,AbdelStark/bitcoin-mcp,mcp-servers,general,https://github.com/AbdelStark/bitcoin-mcp,,AbdelStark,https://github.com/AbdelStark,TRUE,2025/12/17,2025/12/17,2025/12/17,,"â‚¿ A Model Context Protocol (MCP) server that enables AI models to interact with Bitcoin, allowing them to generate keys, validate addresses, decode transactions, query the blockchain, and more.","â‚¿ A Model Context Protocol (MCP) server that enables AI models to interact with Bitcoin, allowing them to generate keys, validate addresses, decode transactions, query the blockchain, and more.",,FALSE,community
mcp-79284761,andybrandt/mcp-simple-openai-assistant,andybrandt/mcp-simple-openai-assistant,mcp-servers,general,https://github.com/andybrandt/mcp-simple-openai-assistant,,andybrandt,https://github.com/andybrandt,TRUE,2025/12/17,2025/12/17,2025/12/17,,ğŸ â˜ï¸  MCP to talk to OpenAI assistants (Claude can use any GPT model as his assitant),ğŸ â˜ï¸  MCP to talk to OpenAI assistants (Claude can use any GPT model as his assitant),,FALSE,community
mcp-37f56bd6,wanaku-ai/wanaku,wanaku-ai/wanaku,mcp-servers,general,https://github.com/wanaku-ai/wanaku,,wanaku-ai,https://github.com/wanaku-ai,TRUE,2025/12/17,2025/12/17,2025/12/17,,â˜ï¸ ğŸ  The Wanaku MCP Router is a SSE-based MCP server that provides an extensible routing engine that allows integrating your enterprise systems with AI agents.,â˜ï¸ ğŸ  The Wanaku MCP Router is a SSE-based MCP server that provides an extensible routing engine that allows integrating your enterprise systems with AI agents.,,FALSE,community
mcp-03971b24,QGIS MCP,QGIS MCP,mcp-servers,general,https://github.com/jjsantos01/qgis_mcp,,jjsantos01,https://github.com/jjsantos01,TRUE,2025/12/17,2025/12/17,2025/12/17,,"connects QGIS Desktop to Claude AI through the MCP. This integration enables prompt-assisted project creation, layer loading, code execution, and more.","connects QGIS Desktop to Claude AI through the MCP. This integration enables prompt-assisted project creation, layer loading, code execution, and more.",,FALSE,community
mcp-835b4a0e,kelvin6365/plane-mcp-server,kelvin6365/plane-mcp-server,mcp-servers,general,https://github.com/kelvin6365/plane-mcp-server,,kelvin6365,https://github.com/kelvin6365,TRUE,2025/12/17,2025/12/17,2025/12/17,,ğŸï¸ ğŸ  This MCP Server will help you to manage projects and issues through [Plane's](https://plane.so) API,ğŸï¸ ğŸ  This MCP Server will help you to manage projects and issues through [Plane's](https://plane.so) API,,FALSE,community
mcp-f39b7225,tan-yong-sheng/ai-vision-mcp,tan-yong-sheng/ai-vision-mcp,mcp-servers,general,https://github.com/tan-yong-sheng/ai-vision-mcp,,tan-yong-sheng,https://github.com/tan-yong-sheng,TRUE,2025/12/17,2025/12/17,2025/12/17,,"ğŸ“‡ ğŸ  ğŸ ğŸªŸ ğŸ§ - Multimodal AI vision MCP server for image, video, and object detection analysis. Enables UI/UX evaluation, visual regression testing, and interface understanding using Google Gemini and...","ğŸ“‡ ğŸ  ğŸ ğŸªŸ ğŸ§ - Multimodal AI vision MCP server for image, video, and object detection analysis. Enables UI/UX evaluation, visual regression testing, and interface understanding using Google Gemini and...",,FALSE,community
mcp-c52a84cd,pwh-pwh/cal-mcp,pwh-pwh/cal-mcp,mcp-servers,general,https://github.com/pwh-pwh/cal-mcp,,pwh-pwh,https://github.com/pwh-pwh,TRUE,2025/12/17,2025/12/17,2025/12/17,,An MCP server for Mathematical expression calculation,An MCP server for Mathematical expression calculation,,FALSE,community
mcp-ea86458e,ws-mcp,ws-mcp,mcp-servers,general,https://github.com/nick1udwig/ws-mcp,,nick1udwig,https://github.com/nick1udwig,TRUE,2025/12/17,2025/12/17,2025/12/17,,Wrap MCP servers with a WebSocket (for use with [kitbitz](https://github.com/nick1udwig/kibitz)),Wrap MCP servers with a WebSocket (for use with [kitbitz](https://github.com/nick1udwig/kibitz)),,FALSE,community
eco-859bac2d,Claude 3,Claude 3,ecosystem,general,https://claude.ai/,,Anthropic,https://www.anthropic.com,TRUE,2025/12/17,2025/12/17,2025/12/17,,"Talk to Claude, an AI assistant from Anthropic.","Talk to Claude, an AI assistant from Anthropic.",,FALSE,community
mcp-13c2496c,mindsdb/mindsdb,mindsdb/mindsdb,mcp-servers,general,https://github.com/mindsdb/mindsdb,,mindsdb,https://github.com/mindsdb,TRUE,2025/12/17,2025/12/17,2025/12/17,,Connect and unify data across various platforms and databases with [MindsDB as a single MCP server](https://docs.mindsdb.com/mcp/overview).,Connect and unify data across various platforms and databases with [MindsDB as a single MCP server](https://docs.mindsdb.com/mcp/overview).,,FALSE,community
mcp-dd092b76,particlefuture/MCPDiscovery,particlefuture/MCPDiscovery,mcp-servers,general,https://github.com/particlefuture/MCPDiscovery,,particlefuture,https://github.com/particlefuture,FALSE,2025/12/17,2025/12/17,2025/12/17,,MCP of MCPs. A central hub for MCP servers. Helps you discover available MCP servers and learn how to install and use them.,MCP of MCPs. A central hub for MCP servers. Helps you discover available MCP servers and learn how to install and use them.,,FALSE,community
mcp-0eb9c71b,thinkchainai/mcpbundles,thinkchainai/mcpbundles,mcp-servers,general,https://github.com/thinkchainai/mcpbundles,,thinkchainai,https://github.com/thinkchainai,TRUE,2025/12/17,2025/12/17,2025/12/17,,"MCP Bundles: Create custom bundles of tools and connect providers with OAuth or API keys. Use one MCP server across thousands of integrations, with programmatic tool calling and MCP UI for managing...","MCP Bundles: Create custom bundles of tools and connect providers with OAuth or API keys. Use one MCP server across thousands of integrations, with programmatic tool calling and MCP UI for managing...",,FALSE,community
mcp-c7897f8a,microsoft/playwright-mcp,microsoft/playwright-mcp,mcp-servers,general,https://github.com/microsoft/playwright-mcp,,microsoft,https://github.com/microsoft,TRUE,2025/12/17,2025/12/17,2025/12/17,,"Official Microsoft Playwright MCP server, enabling LLMs to interact with web pages through structured accessibility snapshots","Official Microsoft Playwright MCP server, enabling LLMs to interact with web pages through structured accessibility snapshots",,FALSE,community
mcp-06481bcc,sim-xia/blind-auditor,sim-xia/blind-auditor,mcp-servers,general,https://github.com/Sim-xia/Blind-Auditor,,sim-xia,https://github.com/sim-xia,TRUE,2025/12/17,2025/12/17,2025/12/17,,"ğŸ ğŸ  ğŸ ğŸªŸ ğŸ§ A zero-cost MCP server that forces AI to self-correct generation messages using prompt injection, independent self-audition and context isolation.","ğŸ ğŸ  ğŸ ğŸªŸ ğŸ§ A zero-cost MCP server that forces AI to self-correct generation messages using prompt injection, independent self-audition and context isolation.",,FALSE,community
mcp-33a3ecba,sonirico/mcp-shell,sonirico/mcp-shell,mcp-servers,general,https://github.com/sonirico/mcp-shell,,sonirico,https://github.com/sonirico,TRUE,2025/12/17,2025/12/17,2025/12/17,,"ğŸï¸ ğŸ  ğŸ ğŸªŸ ğŸ§ Give hands to AI. MCP server to run shell commands securely, auditably, and on demand on isolated environments like docker.","ğŸï¸ ğŸ  ğŸ ğŸªŸ ğŸ§ Give hands to AI. MCP server to run shell commands securely, auditably, and on demand on isolated environments like docker.",,FALSE,community
